origin,M49,alpha-2,alpha-3,region,sub-region,intermediate-region,year,total_migrants,female_migrants,male_migrants,pct_female_migrants,pct_male_migrants,remittance_inflows,gdp_per_capita,total_population,Gini_index,homicides_per_100k_population,exposure_to_droughts,climate_risk_index,migration_rate,weighted_avg_dest_gdp
Anguilla,660,AI,AIA,Americas,Latin America and the Caribbean,Caribbean,1990,0.002262,0.001096,0.001166,48.45269672855879,51.547303271441194,,,,,,,,,
Anguilla,660,AI,AIA,Americas,Latin America and the Caribbean,Caribbean,1995,0.002205,0.0010659999999999999,0.001139,48.34467120181405,51.65532879818594,,,,,,,,,
Anguilla,660,AI,AIA,Americas,Latin America and the Caribbean,Caribbean,2000,0.002158,0.001044,0.001114,48.378127896200176,51.6218721037998,,,,,,,,,
Anguilla,660,AI,AIA,Americas,Latin America and the Caribbean,Caribbean,2005,0.0017759999999999998,0.00086,0.0009159999999999999,48.42342342342343,51.576576576576585,,,,,,,,,
Anguilla,660,AI,AIA,Americas,Latin America and the Caribbean,Caribbean,2010,0.001719,0.000825,0.0008939999999999999,47.99301919720767,52.00698080279231,,,,,,,,,
Anguilla,660,AI,AIA,Americas,Latin America and the Caribbean,Caribbean,2015,0.001572,0.000748,0.000824,47.58269720101781,52.41730279898218,,,,,,,,,
Anguilla,660,AI,AIA,Americas,Latin America and the Caribbean,Caribbean,2020,0.0015609999999999999,0.000736,0.000825,47.149263292761056,52.85073670723895,,,,,,,,,
Anguilla,660,AI,AIA,Americas,Latin America and the Caribbean,Caribbean,2024,0.001614,0.0007639999999999999,0.00085,47.3358116480793,52.66418835192069,,,,,,,,,13681.115211810466
Antigua and Barbuda,28,AG,ATG,Americas,Latin America and the Caribbean,Caribbean,1990,0.0073679999999999995,0.004071,0.003297,55.25244299674268,44.747557003257334,,7590.754424230465,0.063066,,,,,11.682998763200457,
Antigua and Barbuda,28,AG,ATG,Americas,Latin America and the Caribbean,Caribbean,1995,0.0077919999999999994,0.004305,0.0034869999999999996,55.24897330595483,44.75102669404517,,9034.475529071433,0.068189,,,,,11.427063016028978,
Antigua and Barbuda,28,AG,ATG,Americas,Latin America and the Caribbean,Caribbean,2000,0.008296999999999999,0.0045769999999999995,0.0037199999999999998,55.164517295407975,44.835482704592025,25.00427688712097,12027.494976822189,0.07491199999999999,,,,,11.075662110209311,
Antigua and Barbuda,28,AG,ATG,Americas,Latin America and the Caribbean,Caribbean,2005,0.007977999999999999,0.00436,0.0036179999999999997,54.65028829280523,45.34971170719479,29.01812069238904,14368.570879605784,0.079611,,,,,10.021228222230596,
Antigua and Barbuda,28,AG,ATG,Americas,Latin America and the Caribbean,Caribbean,2010,0.008143000000000001,0.004432,0.003711,54.427115313766414,45.572884686233564,28.92421180346212,15217.39507909222,0.08532,,,,,9.54406938584154,
Antigua and Barbuda,28,AG,ATG,Americas,Latin America and the Caribbean,Caribbean,2015,0.01286,0.006486,0.0063739999999999995,50.43545878693624,49.56454121306376,31.24441226323777,16077.634076940634,0.089409,,,0.0,,14.383339484839333,
Antigua and Barbuda,28,AG,ATG,Americas,Latin America and the Caribbean,Caribbean,2020,0.012999,0.006554,0.006444999999999999,50.41926302023233,49.58073697976767,36.22049098345022,15369.60822504014,0.091846,,,0.1,,14.153038782309519,
Antigua and Barbuda,28,AG,ATG,Americas,Latin America and the Caribbean,Caribbean,2024,0.013111,0.006705,0.006405999999999999,51.14026390054153,48.859736099458466,,23725.7903725506,0.093772,,,,53.0,13.981785607644074,29669.308606918883
Argentina,32,AR,ARG,Americas,Latin America and the Caribbean,South America,1990,0.406466,0.205649,0.200817,50.59439165883494,49.40560834116506,,4315.334031115882,32.755901,,,,,1.2408939689981355,
Argentina,32,AR,ARG,Americas,Latin America and the Caribbean,South America,1995,0.44511,0.228854,0.216256,51.41515580418323,48.584844195816764,,7357.616277378798,35.07002,48.9,,,,1.2692037244347165,
Argentina,32,AR,ARG,Americas,Latin America and the Caribbean,South America,2000,0.571985,0.29151099999999996,0.280474,50.96479802792031,49.03520197207969,86.34365858988221,7637.014892036284,37.213983999999996,51.0,,,,1.5370163001091202,
Argentina,32,AR,ARG,Americas,Latin America and the Caribbean,South America,2005,0.824076,0.407086,0.41698999999999997,49.399084550454084,50.600915449545916,432.09,5067.653422932756,39.216789,47.8,,,,2.1013347115185796,
Argentina,32,AR,ARG,Americas,Latin America and the Caribbean,South America,2010,0.8773409999999999,0.435013,0.442328,49.58311534511667,50.41688465488334,644.3007400571922,10260.13131082542,41.288694,43.7,,,,2.1248940448443343,
Argentina,32,AR,ARG,Americas,Latin America and the Caribbean,South America,2015,0.89598,0.447735,0.448245,49.971539543293375,50.028460456706625,494.4335321399667,13679.626498095417,43.477011999999995,,,8.3,,2.060813194798208,
Argentina,32,AR,ARG,Americas,Latin America and the Caribbean,South America,2020,1.0143999999999997,0.5052599999999999,0.5091399999999999,49.808753943217674,50.19124605678233,648.0900500218147,8535.59938004389,45.191964999999996,42.7,,6.5,,2.2446468083430315,
Argentina,32,AR,ARG,Americas,Latin America and the Caribbean,South America,2024,1.183381,0.592218,0.591163,50.044575669205436,49.955424330794564,,13858.203980200818,45.696158999999994,42.4,4.622678556,,147.0,2.5896727994140605,25010.47687238224
Aruba,533,AW,ABW,Americas,Latin America and the Caribbean,Caribbean,1990,0.004564,0.002585,0.001979,56.63891323400525,43.361086765994735,,12187.536361189792,0.062753,,,,,7.272959061718165,
Aruba,533,AW,ABW,Americas,Latin America and the Caribbean,Caribbean,1995,0.004843999999999999,0.00273,0.002114,56.358381502890175,43.64161849710983,,16548.71738689872,0.079805,,,,,6.069795125618695,
Aruba,533,AW,ABW,Americas,Latin America and the Caribbean,Caribbean,2000,0.0054329999999999995,0.0030139999999999998,0.0024189999999999997,55.47579606110804,44.52420393889195,1.0837988826815643,20681.02302696252,0.090588,,,,,5.99748311034574,
Aruba,533,AW,ABW,Americas,Latin America and the Caribbean,Caribbean,2005,0.005447,0.0029909999999999997,0.002456,54.91096016155682,45.08903983844318,0.8198460962732412,24171.83713254216,0.097635,,,,,5.578941977774363,
Aruba,533,AW,ABW,Americas,Latin America and the Caribbean,Caribbean,2010,0.007117,0.003864,0.003253,54.29253899114796,45.70746100885204,4.972067039106145,24093.140151062573,0.101838,,,,,6.988550442860229,
Aruba,533,AW,ABW,Americas,Latin America and the Caribbean,Caribbean,2015,0.009011,0.004797,0.004214,53.234935079347466,46.765064920652534,53.640100518224415,27458.225331027304,0.107906,,,,,8.350786795914964,
Aruba,533,AW,ABW,Americas,Latin America and the Caribbean,Caribbean,2020,0.016627999999999997,0.008749999999999999,0.007878,52.6220832331008,47.37791676689921,34.984040417256566,22855.93232007607,0.10858699999999999,,,,,15.313066941714936,
Aruba,533,AW,ABW,Americas,Latin America and the Caribbean,Caribbean,2024,0.029304999999999998,0.015698,0.013607,53.56765057157482,46.432349428425184,,,0.107624,,,,,27.22905671597413,27922.3706738202
Bahamas,44,BS,BHS,Americas,Latin America and the Caribbean,Caribbean,1990,0.002074,0.001057,0.001017,50.96432015429123,49.03567984570877,,11473.300838935294,0.275945,,,,,0.7515990505354327,
Bahamas,44,BS,BHS,Americas,Latin America and the Caribbean,Caribbean,1995,0.002064,0.001058,0.001006,51.259689922480625,48.74031007751938,,11374.605670385225,0.301461,,,,,0.6846656781474221,
Bahamas,44,BS,BHS,Americas,Latin America and the Caribbean,Caribbean,2000,0.0021390000000000003,0.001098,0.001041,51.33239831697054,48.667601683029446,0.0,24940.077508607777,0.323835,,,,,0.6605215619065267,
Bahamas,44,BS,BHS,Americas,Latin America and the Caribbean,Caribbean,2005,0.001985,0.001027,0.000958,51.73803526448363,48.26196473551638,0.0,28602.418186999483,0.343894,,,,,0.5772127457879462,
Bahamas,44,BS,BHS,Americas,Latin America and the Caribbean,Caribbean,2010,0.0018669999999999997,0.0009519999999999999,0.0009149999999999999,50.99089448312802,49.00910551687198,0.0,27473.100430501963,0.36747799999999997,,,,,0.5080576252183804,
Bahamas,44,BS,BHS,Americas,Latin America and the Caribbean,Caribbean,2015,0.001955,0.00099,0.0009649999999999999,50.6393861892583,49.36061381074168,0.0,30719.405417468977,0.38534599999999997,,,0.0,,0.5073362640328433,
Bahamas,44,BS,BHS,Americas,Latin America and the Caribbean,Caribbean,2020,0.002042,0.001019,0.001023,49.902056807051906,50.097943192948094,50.805711,26178.75376077077,0.39586299999999996,,,0.1,,0.5158350237329581,
Bahamas,44,BS,BHS,Americas,Latin America and the Caribbean,Caribbean,2024,0.0021739999999999997,0.001088,0.001086,50.0459981600736,49.954001839926406,,39455.44665485455,0.401283,,,,28.0,0.54176229743099,31253.892013038447
Barbados,52,BB,BRB,Americas,Latin America and the Caribbean,Caribbean,1990,0.020659,0.011032,0.009627,53.40045500750278,46.599544992497215,,7781.405733061252,0.258582,,,,,7.98934187221075,
Barbados,52,BB,BRB,Americas,Latin America and the Caribbean,Caribbean,1995,0.020592,0.010901,0.009691,52.93803418803419,47.06196581196581,,8460.47380869104,0.26203899999999997,,,,,7.8583722270349075,
Barbados,52,BB,BRB,Americas,Latin America and the Caribbean,Caribbean,2000,0.020249,0.010556,0.009693,52.13096943058916,47.86903056941084,113.2,11674.673647176442,0.262063,,,,,7.726767990902951,
Barbados,52,BB,BRB,Americas,Latin America and the Caribbean,Caribbean,2005,0.020961,0.010863,0.010098,51.82481751824817,48.17518248175182,94.4554238,14214.420221357172,0.268706,,,,,7.800719001436514,
Barbados,52,BB,BRB,Americas,Latin America and the Caribbean,Caribbean,2010,0.020844,0.01094,0.009904,52.48512761466129,47.514872385338705,81.86879619,18860.383370330943,0.27524299999999996,,,,,7.572944634377625,
Barbados,52,BB,BRB,Americas,Latin America and the Caribbean,Caribbean,2015,0.020503999999999998,0.010731,0.009772999999999999,52.33612953570035,47.66387046429965,198.0382948344835,18954.291372450625,0.27898999999999996,,,0.0,,7.349367360837307,
Barbados,52,BB,BRB,Americas,Latin America and the Caribbean,Caribbean,2020,0.019563999999999998,0.010077,0.009486999999999999,51.50787160089961,48.49212839910039,85.1758925,18347.110913105524,0.281698,,,0.1,,6.945026233768077,
Barbados,52,BB,BRB,Americas,Latin America and the Caribbean,Caribbean,2024,0.019558,0.010083,0.009474999999999999,51.55435116065038,48.44564883934962,,25365.79494241805,0.28246699999999997,,11.37982109,,161.0,6.9239946613232695,31327.272834201136
Belize,84,BZ,BLZ,Americas,Latin America and the Caribbean,Central America,1990,0.003528,0.001958,0.00157,55.498866213151935,44.50113378684807,,2988.649522602635,0.183076,,,,,1.9270685398413774,
Belize,84,BZ,BLZ,Americas,Latin America and the Caribbean,Central America,1995,0.003627,0.001977,0.00165,54.50785773366419,45.49214226633582,,4012.079590097284,0.204146,57.5,,,,1.77666963839605,
Belize,84,BZ,BLZ,Americas,Latin America and the Caribbean,Central America,2000,0.003849,0.002039,0.00181,52.974798648999744,47.02520135100026,24.868381,4729.670804280749,0.24079899999999999,,,,,1.5984285649026782,
Belize,84,BZ,BLZ,Americas,Latin America and the Caribbean,Central America,2005,0.00438,0.002276,0.002104,51.963470319634695,48.03652968036529,44.69332284460195,5272.744172079605,0.279731,,,,,1.565789991098591,
Belize,84,BZ,BLZ,Americas,Latin America and the Caribbean,Central America,2010,0.005247,0.00267,0.002577,50.886220697541454,49.113779302458546,78.1345695922123,5451.138971724773,0.320245,,,,,1.6384330746772,
Belize,84,BZ,BLZ,Americas,Latin America and the Caribbean,Central America,2015,0.00597,0.0030099999999999997,0.00296,50.41876046901172,49.58123953098828,84.74407453778171,6154.495934982166,0.356333,,,5.5,,1.6753991350787045,
Belize,84,BZ,BLZ,Americas,Latin America and the Caribbean,Central America,2020,0.006694,0.003365,0.003329,50.26889752016731,49.731102479832686,120.6836194178964,5227.193637861683,0.390812,,,8.4,,1.7128440273072476,
Belize,84,BZ,BLZ,Americas,Latin America and the Caribbean,Central America,2024,0.007383,0.003774,0.003609,51.11743193823649,48.88256806176351,,8429.679597073873,0.417072,,,,21.0,1.770197951432846,19193.081356942872
Bolivia,68,BO,BOL,Americas,Latin America and the Caribbean,South America,1990,0.199843,0.094501,0.10534199999999999,47.28762078231412,52.71237921768588,,682.6768102953798,7.130141999999999,42.0,,,,2.802791304857603,
Bolivia,68,BO,BOL,Americas,Latin America and the Caribbean,South America,1995,0.236253,0.116005,0.120248,49.10202198490602,50.89797801509399,,852.7540348614444,7.874676,,,,,3.0001615304553484,
Bolivia,68,BO,BOL,Americas,Latin America and the Caribbean,South America,2000,0.281557,0.13954,0.142017,49.560124592888826,50.43987540711117,126.87,975.7770603587506,8.606326,61.6,,,,3.2715121411854495,
Bolivia,68,BO,BOL,Americas,Latin America and the Caribbean,South America,2005,0.45626599999999995,0.235003,0.221263,51.50570062200559,48.49429937799442,337.040056699114,1020.1232620073686,9.360754,58.5,,,,4.874244104694984,
Bolivia,68,BO,BOL,Americas,Latin America and the Caribbean,South America,2010,0.6489119999999999,0.34370799999999996,0.305204,52.96681214093745,47.03318785906255,960.2127467855058,1929.783730771584,10.182345,,,,,6.372913115790125,
Bolivia,68,BO,BOL,Americas,Latin America and the Caribbean,South America,2015,0.6465909999999999,0.34556699999999996,0.301024,53.44444942784542,46.55555057215459,1190.9581939626623,2996.0128981134417,11.014705,46.7,,6.6,,5.8702525396731,
Bolivia,68,BO,BOL,Americas,Latin America and the Caribbean,South America,2020,0.744014,0.40382799999999996,0.340186,54.27693564906036,45.72306435093964,1126.51792043532,3099.942190535137,11.816298999999999,43.6,,5.5,,6.296506207231216,
Bolivia,68,BO,BOL,Americas,Latin America and the Caribbean,South America,2024,0.7834729999999999,0.42955099999999996,0.35392199999999996,54.82652242004511,45.1734775799549,,4001.211339907953,12.413314999999999,,3.493530181,,74.0,6.31155336024261,21084.813005048487
"Bonaire, Sint Eustatius and Saba",535,BQ,BES,Americas,Latin America and the Caribbean,Caribbean,1990,0.0028519999999999995,0.0016309999999999999,0.0012209999999999999,57.18793828892006,42.81206171107995,,,,,,,,,
"Bonaire, Sint Eustatius and Saba",535,BQ,BES,Americas,Latin America and the Caribbean,Caribbean,1995,0.002947,0.001676,0.001271,56.871394638615534,43.12860536138446,,,,,,,,,
"Bonaire, Sint Eustatius and Saba",535,BQ,BES,Americas,Latin America and the Caribbean,Caribbean,2000,0.003052,0.00173,0.001322,56.68414154652687,43.31585845347313,,,,,,,,,
"Bonaire, Sint Eustatius and Saba",535,BQ,BES,Americas,Latin America and the Caribbean,Caribbean,2005,0.0030159999999999996,0.0017059999999999998,0.00131,56.56498673740054,43.435013262599476,,,,,,,,,
"Bonaire, Sint Eustatius and Saba",535,BQ,BES,Americas,Latin America and the Caribbean,Caribbean,2010,0.0028829999999999997,0.0016309999999999999,0.0012519999999999999,56.57301422129726,43.426985778702736,,,,,,,,,
"Bonaire, Sint Eustatius and Saba",535,BQ,BES,Americas,Latin America and the Caribbean,Caribbean,2015,0.0030999999999999995,0.0017549999999999998,0.0013449999999999998,56.612903225806456,43.38709677419355,,,,,,,,,
"Bonaire, Sint Eustatius and Saba",535,BQ,BES,Americas,Latin America and the Caribbean,Caribbean,2020,0.0035239999999999994,0.0019649999999999997,0.0015589999999999998,55.76049943246312,44.23950056753689,,,,,,,,,
"Bonaire, Sint Eustatius and Saba",535,BQ,BES,Americas,Latin America and the Caribbean,Caribbean,2024,0.004744,0.002657,0.002087,56.007588532883645,43.992411467116355,,,,,,,,,11458.50957137845
Brazil,76,BR,BRA,Americas,Latin America and the Caribbean,South America,1990,0.446721,0.23032699999999998,0.216394,51.55947448183542,48.440525518164584,,2581.141874490781,149.143223,60.5,,,,0.29952483995870194,
Brazil,76,BR,BRA,Americas,Latin America and the Caribbean,South America,1995,0.6261030000000001,0.325079,0.301024,51.9210098019016,48.078990198098396,,4756.7484078540265,161.735073,59.5,,,,0.38711640486290816,
Brazil,76,BR,BRA,Americas,Latin America and the Caribbean,South America,2000,0.902341,0.470562,0.43177899999999997,52.14902126801287,47.850978731987134,1349.591,3766.548114660316,174.018282,,,,,0.5185322999568517,
Brazil,76,BR,BRA,Americas,Latin America and the Caribbean,South America,2005,1.215342,0.627745,0.5875969999999999,51.65171614245209,48.34828385754791,2805.358,4827.781730747141,184.688101,56.3,,,,0.658051056575648,
Brazil,76,BR,BRA,Americas,Latin America and the Caribbean,South America,2010,1.365997,0.7426889999999999,0.623308,54.36973873295475,45.63026126704524,3082.8,11403.282127874663,193.70192899999998,,,,,0.7052056771205412,
Brazil,76,BR,BRA,Americas,Latin America and the Caribbean,South America,2015,1.402267,0.774473,0.627794,55.230066741925754,44.769933258074246,2896.9099517100003,8936.196617121128,201.675532,51.9,,7.8,,0.6953084422754863,
Brazil,76,BR,BRA,Americas,Latin America and the Caribbean,South America,2020,1.8549120000000001,1.023063,0.831849,55.15426068729945,44.845739312700545,3566.2194384800005,7074.1937833764405,208.660842,48.9,,8.1,,0.8889602774630806,
Brazil,76,BR,BRA,Americas,Latin America and the Caribbean,South America,2024,2.194325,1.219973,0.974352,55.59673248037551,44.403267519624485,,10280.314862442903,211.998573,,22.3840654,,101.0,1.035065929429629,24451.665890495802
British Virgin Islands,92,VG,VGB,Americas,Latin America and the Caribbean,Caribbean,1990,0.003832,0.002192,0.00164,57.20250521920668,42.79749478079332,,,0.015704,,,,,24.401426388181356,
British Virgin Islands,92,VG,VGB,Americas,Latin America and the Caribbean,Caribbean,1995,0.0039299999999999995,0.002241,0.001689,57.022900763358784,42.97709923664122,,,0.017839999999999998,,,,,22.02914798206278,
British Virgin Islands,92,VG,VGB,Americas,Latin America and the Caribbean,Caribbean,2000,0.004052999999999999,0.002302,0.001751,56.79743399950654,43.20256600049347,,,0.020241,,,,,20.023714243367422,
British Virgin Islands,92,VG,VGB,Americas,Latin America and the Caribbean,Caribbean,2005,0.003678,0.002074,0.001604,56.38934203371397,43.61065796628603,,,0.023665,,,,,15.541939573209381,
British Virgin Islands,92,VG,VGB,Americas,Latin America and the Caribbean,Caribbean,2010,0.004534,0.0025269999999999997,0.002007,55.73445081605646,44.26554918394354,,,0.027674999999999998,,,,,16.383017163504967,
British Virgin Islands,92,VG,VGB,Americas,Latin America and the Caribbean,Caribbean,2015,0.004874,0.0027199999999999998,0.002154,55.806319244973324,44.193680755026676,,,0.034498,,,,,14.128355266971997,
British Virgin Islands,92,VG,VGB,Americas,Latin America and the Caribbean,Caribbean,2020,0.005542999999999999,0.0031049999999999997,0.002438,56.016597510373444,43.98340248962656,,,0.037135,,,,,14.926619092500335,
British Virgin Islands,92,VG,VGB,Americas,Latin America and the Caribbean,Caribbean,2024,0.0061849999999999995,0.0035099999999999997,0.002675,56.75020210185934,43.24979789814066,,,0.039471,,,,,15.669732208456841,12186.78188144992
Cayman Islands,136,KY,CYM,Americas,Latin America and the Caribbean,Caribbean,1990,0.000125,0.000059999999999999995,0.000065,47.99999999999999,51.99999999999999,,,0.025998999999999998,,,,,0.48078772260471564,
Cayman Islands,136,KY,CYM,Americas,Latin America and the Caribbean,Caribbean,1995,0.00013000000000000002,0.000062,0.000068,47.692307692307686,52.3076923076923,,,0.032743,,,,,0.39703142656445656,
Cayman Islands,136,KY,CYM,Americas,Latin America and the Caribbean,Caribbean,2000,0.00014599999999999997,0.00007,0.00007599999999999999,47.945205479452056,52.05479452054795,0.0,,0.039674,,,,,0.3679991934264253,
Cayman Islands,136,KY,CYM,Americas,Latin America and the Caribbean,Caribbean,2005,0.000179,0.00008499999999999999,0.000094,47.486033519553075,52.513966480446925,0.0,,0.046787999999999996,,,,,0.3825767290758314,
Cayman Islands,136,KY,CYM,Americas,Latin America and the Caribbean,Caribbean,2010,0.00024799999999999996,0.000117,0.00013099999999999999,47.17741935483872,52.822580645161295,0.0,76837.66996366715,0.054098999999999994,,,,,0.4584188247472226,
Cayman Islands,136,KY,CYM,Americas,Latin America and the Caribbean,Caribbean,2015,0.000381,0.000184,0.000197,48.29396325459317,51.70603674540683,0.0,76379.2095108681,0.061641999999999995,,,,,0.6180850718665845,
Cayman Islands,136,KY,CYM,Americas,Latin America and the Caribbean,Caribbean,2020,0.000549,0.000268,0.000281,48.816029143898,51.183970856102,9.008669818958396,82338.79828536611,0.068684,,,,,0.7993127948284899,
Cayman Islands,136,KY,CYM,Americas,Latin America and the Caribbean,Caribbean,2024,0.000609,0.00039099999999999996,0.00021799999999999999,64.20361247947454,35.79638752052545,,,0.074457,,,,,0.817921753495306,34204.02535536128
Chile,152,CL,CHL,Americas,Latin America and the Caribbean,South America,1990,0.39097899999999997,0.19153299999999998,0.19944599999999998,48.98805306678875,51.01194693321125,,2487.76829657299,13.437176,57.2,,,,2.909681319944012,
Chile,152,CL,CHL,Americas,Latin America and the Caribbean,South America,1995,0.391356,0.19705,0.19430599999999998,50.35057594619733,49.64942405380267,,5081.4682771561,14.527381,,,,,2.693919846942818,
Chile,152,CL,CHL,Americas,Latin America and the Caribbean,South America,2000,0.393879,0.200343,0.19353599999999999,50.86409785746384,49.13590214253616,13.3,5052.992457663253,15.503635,52.8,,,,2.540559036638827,
Chile,152,CL,CHL,Americas,Latin America and the Caribbean,South America,2005,0.419855,0.21434,0.205515,51.05095806885711,48.9490419311429,0.0,7480.3233099863555,16.348778,,,,,2.5681124301767384,
Chile,152,CL,CHL,Americas,Latin America and the Caribbean,South America,2010,0.435797,0.223873,0.211924,51.37093646812622,48.62906353187378,62.3249231059028,12632.870472419238,17.181464,,,,,2.536436941578436,
Chile,152,CL,CHL,Americas,Latin America and the Caribbean,South America,2015,0.419035,0.216629,0.202406,51.697113606262,48.30288639373799,58.992215838122895,13433.920298703231,18.047625,45.3,,6.0,,2.3218290495286777,
Chile,152,CL,CHL,Americas,Latin America and the Caribbean,South America,2020,0.4234,0.221574,0.20182599999999998,52.3320736891828,47.66792631081719,66.19747759113059,13114.815470545014,19.370624,47.0,,5.6,,2.185783999524228,
Chile,152,CL,CHL,Americas,Latin America and the Caribbean,South America,2024,0.44445099999999993,0.23169099999999998,0.21275999999999998,52.12970608683523,47.87029391316479,,16709.889397230672,19.764771,,3.632038675,,144.0,2.248703007993363,16595.53866383413
Colombia,170,CO,COL,Americas,Latin America and the Caribbean,South America,1990,1.000769,0.539538,0.461231,53.91234140945612,46.087658590543874,,1474.8455285341977,32.440069,,,,,3.0849780251700447,
Colombia,170,CO,COL,Americas,Latin America and the Caribbean,South America,1995,1.1810109999999998,0.6259089999999999,0.555102,52.99772821760339,47.00227178239661,,2583.3499143601766,35.804662,,,,,3.2984838678270436,
Colombia,170,CO,COL,Americas,Latin America and the Caribbean,South America,2000,1.469973,0.8116289999999999,0.6583439999999999,55.21387127518669,44.78612872481331,1610.1,2555.00751039968,39.089934,58.4,,,,3.760489848870044,
Colombia,170,CO,COL,Americas,Latin America and the Caribbean,South America,2005,1.823207,0.994988,0.8282189999999999,54.573507012643105,45.42649298735689,3345.610321407965,3456.066108745124,42.128977,53.9,,,,4.327679259812077,
Colombia,170,CO,COL,Americas,Latin America and the Caribbean,South America,2010,2.5582979999999997,1.387713,1.170585,54.243602582654574,45.75639741734544,4030.8463256811383,6398.295844710204,44.777319,54.6,,,,5.713379132859651,
Colombia,170,CO,COL,Americas,Latin America and the Caribbean,South America,2015,2.720321,1.48926,1.231061,54.745745079349085,45.25425492065091,5001.596492340817,6248.514905345122,46.96994,51.0,,8.3,,5.791621194321304,
Colombia,170,CO,COL,Americas,Latin America and the Caribbean,South America,2020,3.165293,1.734076,1.431217,54.784059485172456,45.21594051482754,6924.52613555919,5339.687113579434,50.629996999999996,53.5,,6.8,,6.251813524697622,
Colombia,170,CO,COL,Americas,Latin America and the Caribbean,South America,2024,3.6522379999999997,2.009557,1.6426809999999998,55.02261900785218,44.97738099214783,,7913.988014645465,52.886362999999996,,27.48436513,,108.0,6.905821827831117,26226.997029354734
Costa Rica,188,CR,CRI,Americas,Latin America and the Caribbean,Central America,1990,0.022921999999999998,0.012558,0.010364,54.78579530581974,45.21420469418027,,1829.6687089559,3.1217059999999996,45.2,,,,0.7342779877413184,
Costa Rica,188,CR,CRI,Americas,Latin America and the Caribbean,Central America,1995,0.022763,0.012489,0.010274,54.8653516671792,45.13464833282081,,3275.252564474161,3.535176,45.7,,,,0.6439000491064659,
Costa Rica,188,CR,CRI,Americas,Latin America and the Caribbean,Central America,2000,0.026493,0.014254,0.012239,53.80289132978523,46.197108670214774,136.0,3812.7538828492393,3.9377389999999997,47.4,,,,0.6727972575124964,
Costa Rica,188,CR,CRI,Americas,Latin America and the Caribbean,Central America,2005,0.030258,0.015974,0.014284,52.79264987771829,47.20735012228171,420.34641,4703.007217847779,4.26124,47.5,,,,0.7100750016427144,
Costa Rica,188,CR,CRI,Americas,Latin America and the Caribbean,Central America,2010,0.034240999999999994,0.017646,0.016595,51.534709850763704,48.4652901492363,530.6887859999999,8265.788202758986,4.555962,48.0,,,,0.7515646530853417,
Costa Rica,188,CR,CRI,Americas,Latin America and the Caribbean,Central America,2015,0.039023,0.020087999999999998,0.018935,51.47733388001947,48.52266611998052,551.988507633386,11714.710598080348,4.818038,48.4,,3.1,,0.8099354965651996,
Costa Rica,188,CR,CRI,Americas,Latin America and the Caribbean,Central America,2020,0.043504,0.022149,0.021355,50.91255976461934,49.087440235380654,524.7867478480965,12394.0493969354,5.03432,49.2,,3.3,,0.8641484848003306,
Costa Rica,188,CR,CRI,Americas,Latin America and the Caribbean,Central America,2024,0.050982,0.026154999999999998,0.024827,51.30242046212389,48.69757953787611,,18587.153220361364,5.12991,45.8,11.40870985,,100.0,0.9938186050047662,18257.562403498534
Cuba,192,CU,CUB,Americas,Latin America and the Caribbean,Caribbean,1990,0.8395849999999999,0.42924399999999996,0.41034099999999996,51.12573473799556,48.87426526200444,,2694.3169795769218,10.631798999999999,,,,,7.8969231829909505,
Cuba,192,CU,CUB,Americas,Latin America and the Caribbean,Caribbean,1995,0.9177219999999999,0.473439,0.444283,51.58849847775253,48.41150152224748,,2785.244429541026,10.925362,,,,,8.399923041451624,
Cuba,192,CU,CUB,Americas,Latin America and the Caribbean,Caribbean,2000,1.032762,0.5410849999999999,0.491677,52.392032239760944,47.60796776023905,,2751.381771481403,11.109109,,,,,9.296533142306911,
Cuba,192,CU,CUB,Americas,Latin America and the Caribbean,Caribbean,2005,1.0935549999999998,0.567187,0.526368,51.86634417107507,48.13365582892493,,3786.337992252912,11.262554,,,,,9.709653778352582,
Cuba,192,CU,CUB,Americas,Latin America and the Caribbean,Caribbean,2010,1.337631,0.678179,0.6594519999999999,50.70000620499974,49.299993795000255,,5272.2675582483525,11.297409,,,,,11.840157331650115,
Cuba,192,CU,CUB,Americas,Latin America and the Caribbean,Caribbean,2015,1.5193969999999999,0.7837879999999999,0.735609,51.58546449677076,48.414535503229246,,7727.919972079983,11.275065,,,3.5,,13.475727190929717,
Cuba,192,CU,CUB,Americas,Latin America and the Caribbean,Caribbean,2020,1.721822,0.872273,0.849549,50.65988238040866,49.34011761959134,,9605.261250672624,11.176354,,,3.6,,15.40593649771652,
Cuba,192,CU,CUB,Americas,Latin America and the Caribbean,Caribbean,2024,1.879613,0.9478139999999999,0.9317989999999999,50.42601854743503,49.57398145256497,,,10.979783,,,,,17.118853806127134,23632.617921593723
Curaçao,531,CW,CUW,Americas,Latin America and the Caribbean,Caribbean,1990,0.003029,0.001529,0.0015,50.47870584351271,49.521294156487286,,,0.1454,,,,,2.083218707015131,
Curaçao,531,CW,CUW,Americas,Latin America and the Caribbean,Caribbean,1995,0.003779,0.001895,0.0018839999999999998,50.145541148451976,49.85445885154803,,,0.145139,,,,,2.603710925388765,
Curaçao,531,CW,CUW,Americas,Latin America and the Caribbean,Caribbean,2000,0.004701,0.002342,0.002359,49.81918740693469,50.180812593065305,0.0,15841.261235994916,0.13386,,,,,3.5118780815777675,
Curaçao,531,CW,CUW,Americas,Latin America and the Caribbean,Caribbean,2005,0.0043289999999999995,0.002137,0.002192,49.36474936474937,50.63525063525064,0.0,17032.33566207436,0.137658,,,,,3.144750032689709,
Curaçao,531,CW,CUW,Americas,Latin America and the Caribbean,Caribbean,2010,0.005353999999999999,0.002617,0.002737,48.87934254762795,51.120657452372065,0.0,19847.23101279792,0.148703,,,,,3.6004653571212417,
Curaçao,531,CW,CUW,Americas,Latin America and the Caribbean,Caribbean,2015,0.005861,0.002864,0.0029969999999999997,48.8653813342433,51.13461866575669,142.37430167597765,19361.8130008678,0.15797999999999998,,,,,3.7099632864919614,
Curaçao,531,CW,CUW,Americas,Latin America and the Caribbean,Caribbean,2020,0.007665999999999999,0.0037909999999999997,0.003875,49.45212627184973,50.547873728150286,132.28778944692738,16356.09332545412,0.154947,,,,,4.9474981767959365,
Curaçao,531,CW,CUW,Americas,Latin America and the Caribbean,Caribbean,2024,0.010103000000000001,0.005071,0.005032,50.1930119766406,49.806988023359395,,,0.15589999999999998,,,,,6.480436177036564,36737.22902254849
Dominica,212,DM,DMA,Americas,Latin America and the Caribbean,Caribbean,1990,0.018686,0.010537,0.008149,56.389810553355446,43.61018944664454,,2892.981596645405,0.069627,,,,,26.837290131701785,
Dominica,212,DM,DMA,Americas,Latin America and the Caribbean,Caribbean,1995,0.020457,0.011356999999999999,0.0091,55.51644913721464,44.48355086278536,,3951.722670863583,0.069469,,,,,29.44766730484101,
Dominica,212,DM,DMA,Americas,Latin America and the Caribbean,Caribbean,2000,0.022406,0.012287,0.010119,54.83798982415424,45.16201017584576,26.899870566096244,4867.398963237587,0.068511,,,,,32.704237275765934,
Dominica,212,DM,DMA,Americas,Latin America and the Caribbean,Caribbean,2005,0.021077,0.011729999999999999,0.009347,55.65308155809651,44.3469184419035,43.13226106560108,5695.224423946745,0.068734,,,,,30.66459103209474,
Dominica,212,DM,DMA,Americas,Latin America and the Caribbean,Caribbean,2010,0.020788,0.011677,0.009111,56.17182990186645,43.82817009813353,46.2117000332561,7549.619646803747,0.068859,,,,,30.189227261505398,
Dominica,212,DM,DMA,Americas,Latin America and the Caribbean,Caribbean,2015,0.021079,0.011928,0.009151,56.587124626405426,43.41287537359457,51.91498256859259,8282.598747021415,0.07041,,,0.0,,29.937508876580033,
Dominica,212,DM,DMA,Americas,Latin America and the Caribbean,Caribbean,2020,0.020838,0.011829,0.009009,56.76648430751512,43.233515692484886,33.65632239509629,7827.748426804263,0.067573,,,0.1,,30.83776064404422,
Dominica,212,DM,DMA,Americas,Latin America and the Caribbean,Caribbean,2024,0.021384,0.012152,0.009231999999999999,56.82753460531238,43.172465394687606,,10405.278777758196,0.066205,,,,1.0,32.29967525111396,20070.030492629572
Dominican Republic,214,DO,DOM,Americas,Latin America and the Caribbean,Caribbean,1990,0.46228499999999995,0.273427,0.188858,59.14684664222287,40.85315335777713,,989.1639412076594,7.151166,,,,,6.464470269603585,
Dominican Republic,214,DO,DOM,Americas,Latin America and the Caribbean,Caribbean,1995,0.657381,0.392955,0.264426,59.77583775618706,40.22416224381295,,2109.169407286892,7.888115,,,,,8.333816127173602,
Dominican Republic,214,DO,DOM,Americas,Latin America and the Caribbean,Caribbean,2000,0.845469,0.47873699999999997,0.366732,56.623838366634374,43.376161633365626,1838.8,2831.458836380334,8.58419,51.5,,,,9.84914127017226,
Dominican Republic,214,DO,DOM,Americas,Latin America and the Caribbean,Caribbean,2005,0.96245,0.554218,0.408232,57.58408228998909,42.41591771001091,2719.2000000000003,3878.312067352443,9.225033999999999,50.0,,,,10.433023878285978,
Dominican Republic,214,DO,DOM,Americas,Latin America and the Caribbean,Caribbean,2010,1.21224,0.694975,0.517265,57.32981917772059,42.67018082227941,3887.0,5478.624703989543,9.820174999999999,47.3,,,,12.34438286486748,
Dominican Republic,214,DO,DOM,Americas,Latin America and the Caribbean,Caribbean,2015,1.4543779999999997,0.8284579999999999,0.6259199999999999,56.963045370598294,43.03695462940171,5196.200000000001,6800.953093954736,10.434828999999999,45.2,,8.2,,13.93772720185448,
Dominican Republic,214,DO,DOM,Americas,Latin America and the Caribbean,Caribbean,2020,1.6912319999999998,0.9539569999999999,0.737275,56.406040093848745,43.593959906151255,8331.6,7135.222732558986,11.0083,39.6,,4.6,,15.36324409763542,
Dominican Republic,214,DO,DOM,Americas,Latin America and the Caribbean,Caribbean,2024,1.9171529999999999,1.068621,0.848532,55.739995712392286,44.26000428760772,,10875.661844309196,11.427557,39.0,10.54158423,,78.0,16.77657788099416,38250.61275905381
Ecuador,218,EC,ECU,Americas,Latin America and the Caribbean,South America,1990,0.209258,0.102477,0.106781,48.97160443089392,51.02839556910608,,1455.0074851087052,10.473673,,,,,1.997942842019223,
Ecuador,218,EC,ECU,Americas,Latin America and the Caribbean,South America,1995,0.31626,0.16463999999999998,0.15162,52.058432934926955,47.941567065073045,,2108.00698245316,11.590513999999999,50.8,,,,2.728610655230648,
Ecuador,218,EC,ECU,Americas,Latin America and the Caribbean,South America,2000,0.510456,0.25573599999999996,0.25472,50.09951886156691,49.900481138433086,1322.301,1382.2342175990902,12.689205999999999,56.3,,,,4.022757609893008,
Ecuador,218,EC,ECU,Americas,Latin America and the Caribbean,South America,2005,0.9357,0.469466,0.466234,50.172704926792775,49.827295073207225,2460.0,2909.0260601438827,13.846162999999999,53.1,,,,6.757828865657584,
Ecuador,218,EC,ECU,Americas,Latin America and the Caribbean,South America,2010,1.1229489999999998,0.5743619999999999,0.5485869999999999,51.147647845093594,48.85235215490641,2599.02703868,4520.30959039763,15.076694999999999,48.8,,,,7.4482437961370165,
Ecuador,218,EC,ECU,Americas,Latin America and the Caribbean,South America,2015,1.0664569999999998,0.556429,0.5100279999999999,52.17547449170479,47.82452550829523,2387.55589200259,5976.159680565097,16.266225,46.0,,5.7,,6.556266128127454,
Ecuador,218,EC,ECU,Americas,Latin America and the Caribbean,South America,2020,1.11857,0.577456,0.541114,51.62448483331396,48.375515166686036,3343.696163529932,5463.645153485981,17.546065,47.3,,6.7,,6.375047624638346,
Ecuador,218,EC,ECU,Americas,Latin America and the Caribbean,South America,2024,1.243065,0.642713,0.600352,51.70389319947066,48.29610680052933,,6874.705739765999,18.135478,45.2,14.02425488,,131.0,6.8543271922581805,24951.249150728472
El Salvador,222,SV,SLV,Americas,Latin America and the Caribbean,Central America,1990,0.9555689999999999,0.49110099999999995,0.464468,51.393567602130254,48.60643239786975,,892.1827151970303,5.399725999999999,,,,,17.696620161837842,
El Salvador,222,SV,SLV,Americas,Latin America and the Caribbean,Central America,1995,1.00542,0.5369579999999999,0.468462,53.40633764993733,46.59366235006266,,1548.3763038362022,5.762131,49.8,,,,17.44875290061958,
El Salvador,222,SV,SLV,Americas,Latin America and the Caribbean,Central America,2000,0.906731,0.44038499999999997,0.466346,48.56842878428112,51.43157121571888,1764.2,1982.870935426154,5.943366,51.5,,,,15.256186477494401,
El Salvador,222,SV,SLV,Americas,Latin America and the Caribbean,Central America,2005,1.108043,0.533142,0.574901,48.11564172148554,51.88435827851446,3028.6000000000004,2447.3914084539406,6.005578,48.5,,,,18.450230768795276,
El Salvador,222,SV,SLV,Americas,Latin America and the Caribbean,Central America,2010,1.359464,0.6776829999999999,0.681781,49.84927883342258,50.15072116657742,3471.83671903,3040.0730095287786,6.068249,43.5,,,,22.40290403376658,
El Salvador,222,SV,SLV,Americas,Latin America and the Caribbean,Central America,2015,1.5418729999999998,0.762776,0.7790969999999999,49.470741105136426,50.52925889486358,4274.620676029546,3790.340891081616,6.183675999999999,40.6,,4.4,,24.93456966374047,
El Salvador,222,SV,SLV,Americas,Latin America and the Caribbean,Central America,2020,1.6796669999999998,0.845555,0.834112,50.34063299451618,49.65936700548383,5931.31288860975,3997.192795837087,6.234673,,,3.0,,26.9407393138341,
El Salvador,222,SV,SLV,Americas,Latin America and the Caribbean,Central America,2024,1.83467,0.90404,0.93063,49.27534652008263,50.72465347991737,,5579.659691650286,6.3381929999999995,,18.16549846,,72.0,28.94626275974872,38134.616235225665
Falkland Islands (Malvinas),238,FK,FLK,Americas,Latin America and the Caribbean,South America,1990,0.0010819999999999998,0.000149,0.0009329999999999999,13.770794824399262,86.22920517560074,,,,,,,,,
Falkland Islands (Malvinas),238,FK,FLK,Americas,Latin America and the Caribbean,South America,1995,0.001839,0.000316,0.0015229999999999998,17.183251767264817,82.81674823273516,,,,,,,,,
Falkland Islands (Malvinas),238,FK,FLK,Americas,Latin America and the Caribbean,South America,2000,0.0015249999999999999,0.00045599999999999997,0.0010689999999999999,29.901639344262293,70.09836065573771,,,,,,,,,
Falkland Islands (Malvinas),238,FK,FLK,Americas,Latin America and the Caribbean,South America,2005,0.0010999999999999998,0.00046499999999999997,0.0006349999999999999,42.27272727272728,57.72727272727273,,,,,,,,,
Falkland Islands (Malvinas),238,FK,FLK,Americas,Latin America and the Caribbean,South America,2010,0.000414,0.00021999999999999998,0.000194,53.14009661835749,46.85990338164252,,,,,,,,,
Falkland Islands (Malvinas),238,FK,FLK,Americas,Latin America and the Caribbean,South America,2015,0.00019299999999999997,0.00010999999999999999,0.000083,56.994818652849744,43.00518134715026,,,,,,,,,
Falkland Islands (Malvinas),238,FK,FLK,Americas,Latin America and the Caribbean,South America,2020,0.000106,0.000058,0.000048,54.71698113207547,45.28301886792453,,,,,,,,,
Falkland Islands (Malvinas),238,FK,FLK,Americas,Latin America and the Caribbean,South America,2024,0.000093,0.000054,0.000039,58.06451612903226,41.935483870967744,,,,,,,,,32655.11473517418
French Guiana,254,GF,GUF,Americas,Latin America and the Caribbean,South America,1990,0.003047,0.0016619999999999998,0.001385,54.54545454545454,45.45454545454546,,,,,,,,,
French Guiana,254,GF,GUF,Americas,Latin America and the Caribbean,South America,1995,0.003257,0.001826,0.001431,56.06386245010746,43.93613754989254,,,,,,,,,
French Guiana,254,GF,GUF,Americas,Latin America and the Caribbean,South America,2000,0.003554,0.002046,0.001508,57.56893640967924,42.43106359032077,,,,,,,,,
French Guiana,254,GF,GUF,Americas,Latin America and the Caribbean,South America,2005,0.0036939999999999994,0.0021349999999999997,0.0015589999999999998,57.79642663779102,42.20357336220899,,,,,,,,,
French Guiana,254,GF,GUF,Americas,Latin America and the Caribbean,South America,2010,0.003815,0.002216,0.001599,58.086500655308,41.913499344692006,,,,,,,,,
French Guiana,254,GF,GUF,Americas,Latin America and the Caribbean,South America,2015,0.004106,0.002459,0.001647,59.88796882610813,40.112031173891864,,,,,,,,,
French Guiana,254,GF,GUF,Americas,Latin America and the Caribbean,South America,2020,0.004128,0.0024519999999999998,0.001676,59.399224806201545,40.60077519379845,,,,,,,,,
French Guiana,254,GF,GUF,Americas,Latin America and the Caribbean,South America,2024,0.00449,0.002582,0.001908,57.505567928730514,42.494432071269486,,,,,,,,,11753.197702809506
Grenada,308,GD,GRD,Americas,Latin America and the Caribbean,Caribbean,1990,0.023960999999999996,0.013286,0.010674999999999999,55.448437043529076,44.55156295647094,,2782.1839687361858,0.09995699999999999,,,,,23.971307662294787,
Grenada,308,GD,GRD,Americas,Latin America and the Caribbean,Caribbean,1995,0.023988,0.013415,0.010572999999999999,55.92379523094881,44.076204769051195,,3294.269883396572,0.10386899999999999,,,,,23.094474771105915,
Grenada,308,GD,GRD,Americas,Latin America and the Caribbean,Caribbean,2000,0.022073,0.012757,0.009316,57.79459067639198,42.20540932360803,31.335309327667648,4839.828111142478,0.10745099999999999,,,,,20.542386762338182,
Grenada,308,GD,GRD,Americas,Latin America and the Caribbean,Caribbean,2005,0.023589,0.013436,0.010152999999999999,56.95875196065964,43.04124803934037,34.107417545890016,6338.560114053579,0.109734,,,,,21.496527967630815,
Grenada,308,GD,GRD,Americas,Latin America and the Caribbean,Caribbean,2010,0.02114,0.012317,0.008823,58.2639545884579,41.7360454115421,36.40303881465193,6909.60169568597,0.11158599999999999,,,,,18.945028946283585,
Grenada,308,GD,GRD,Americas,Latin America and the Caribbean,Caribbean,2015,0.02175,0.012595,0.009155,57.908045977011504,42.09195402298851,43.35471542222222,8694.12438005692,0.114676,,,0.0,,18.966479472601065,
Grenada,308,GD,GRD,Americas,Latin America and the Caribbean,Caribbean,2020,0.02221,0.011959,0.010251,53.84511481314722,46.154885186852766,70.43071466783333,8968.558901084838,0.116341,,,0.1,,19.090432435684754,
Grenada,308,GD,GRD,Americas,Latin America and the Caribbean,Caribbean,2024,0.026299999999999997,0.013984,0.012315999999999999,53.17110266159696,46.82889733840304,,11871.611700603142,0.11720699999999999,,,,17.0,22.438932828244045,30750.94146188508
Guadeloupe,312,GP,GLP,Americas,Latin America and the Caribbean,Caribbean,1990,0.007509999999999999,0.004142,0.003368,55.15312916111851,44.84687083888149,,,,,,,,,
Guadeloupe,312,GP,GLP,Americas,Latin America and the Caribbean,Caribbean,1995,0.008367999999999999,0.004726999999999999,0.0036409999999999997,56.48900573613766,43.51099426386234,,,,,,,,,
Guadeloupe,312,GP,GLP,Americas,Latin America and the Caribbean,Caribbean,2000,0.009236999999999999,0.005317,0.00392,57.561978997510025,42.43802100248999,,,,,,,,,
Guadeloupe,312,GP,GLP,Americas,Latin America and the Caribbean,Caribbean,2005,0.008487999999999999,0.005051,0.003437,59.50754005655043,40.49245994344958,,,,,,,,,
Guadeloupe,312,GP,GLP,Americas,Latin America and the Caribbean,Caribbean,2010,0.010282,0.006155,0.004127,59.86189457304027,40.13810542695973,,,,,,,,,
Guadeloupe,312,GP,GLP,Americas,Latin America and the Caribbean,Caribbean,2015,0.011415999999999999,0.007018,0.004398,61.47512263489839,38.52487736510162,,,,,,,,,
Guadeloupe,312,GP,GLP,Americas,Latin America and the Caribbean,Caribbean,2020,0.011909,0.007255999999999999,0.004653,60.92870937946091,39.07129062053909,,,,,,,,,
Guadeloupe,312,GP,GLP,Americas,Latin America and the Caribbean,Caribbean,2024,0.012374,0.007488,0.004886,60.513980927751746,39.48601907224826,,,,,,,,,15994.23880952016
Guatemala,320,GT,GTM,Americas,Latin America and the Caribbean,Central America,1990,0.323376,0.142812,0.180564,44.16283212112216,55.837167878877835,,847.6885618303594,9.024773,,,,,3.583203699417149,
Guatemala,320,GT,GTM,Americas,Latin America and the Caribbean,Central America,1995,0.429957,0.1953,0.23465699999999998,45.42314696585938,54.57685303414061,,1421.061778097957,10.312996,,,,,4.16907947991059,
Guatemala,320,GT,GTM,Americas,Latin America and the Caribbean,Central America,2000,0.545695,0.252314,0.293381,46.237183774819265,53.76281622518073,596.1999999999999,1648.9657897155912,11.697592,54.2,,,,4.665019945985464,
Guatemala,320,GT,GTM,Americas,Latin America and the Caribbean,Central America,2005,0.7372449999999999,0.318858,0.41838699999999995,43.24993726644467,56.75006273355533,3066.6,2046.4661165075804,13.087629,,,,,5.63314409355583,
Guatemala,320,GT,GTM,Americas,Latin America and the Caribbean,Central America,2010,0.919782,0.385903,0.533879,41.9559199897367,58.0440800102633,4224.67996,2805.259602373216,14.500112,,,,,6.343275141598906,
Guatemala,320,GT,GTM,Americas,Latin America and the Caribbean,Central America,2015,1.067787,0.46246499999999996,0.605322,43.31060408115101,56.68939591884899,6481.89646,3893.505220935085,15.971743,,,5.3,,6.68547571796015,
Guatemala,320,GT,GTM,Americas,Latin America and the Caribbean,Central America,2020,1.282668,0.559167,0.723501,43.594055515534805,56.405944484465195,11405.4392,4477.617617964175,17.357325,,,5.1,,7.389779243057326,
Guatemala,320,GT,GTM,Americas,Latin America and the Caribbean,Central America,2024,1.460232,0.6296269999999999,0.8306049999999999,43.11828531356661,56.881714686433384,,6150.025977678509,18.406359,,19.9903643,,52.0,7.933301746423614,38681.96213107212
Guyana,328,GY,GUY,Americas,Latin America and the Caribbean,South America,1990,0.21769,0.115269,0.102421,52.950985346134416,47.04901465386559,,528.8510953429941,0.749894,,,,,29.029436160310656,
Guyana,328,GY,GUY,Americas,Latin America and the Caribbean,South America,1995,0.244138,0.139706,0.104432,57.22419287452178,42.77580712547822,,819.6685415849051,0.758388,,,,,32.19170134548543,
Guyana,328,GY,GUY,Americas,Latin America and the Caribbean,South America,2000,0.34136900000000003,0.184809,0.15656,54.1376047620024,45.86239523799759,27.3,931.7966517189552,0.764832,,,,,44.6332004937032,
Guyana,328,GY,GUY,Americas,Latin America and the Caribbean,South America,2005,0.38676599999999994,0.20451799999999998,0.182248,52.879001773682276,47.12099822631773,201.289,1084.06541388904,0.760914,,,,,50.829134435691806,
Guyana,328,GY,GUY,Americas,Latin America and the Caribbean,South America,2010,0.40436799999999995,0.22247399999999998,0.181894,55.017706643453494,44.98229335654651,367.80540629125295,4581.761796934918,0.7492559999999999,,,,,53.96927085001655,
Guyana,328,GY,GUY,Americas,Latin America and the Caribbean,South America,2015,0.42994299999999996,0.23510699999999998,0.19483599999999998,54.6832952275069,45.3167047724931,302.8,5640.41560569466,0.7587809999999999,,,6.8,,56.662330764739764,
Guyana,328,GY,GUY,Americas,Latin America and the Caribbean,South America,2020,0.429266,0.23046,0.19880599999999998,53.68699128279435,46.31300871720565,429.12400589418496,6775.709390963032,0.807481,,,4.8,,53.161127011038026,
Guyana,328,GY,GUY,Americas,Latin America and the Caribbean,South America,2024,0.469649,0.255403,0.214246,54.3816765286416,45.618323471358394,,29883.63411520007,0.8310869999999999,,,,29.0,56.510208919162494,47786.03129131434
Haiti,332,HT,HTI,Americas,Latin America and the Caribbean,Caribbean,1990,0.521381,0.231253,0.290128,44.35393694822021,55.64606305177979,,451.7202496892161,6.854441,,,,,7.606470024324376,
Haiti,332,HT,HTI,Americas,Latin America and the Caribbean,Caribbean,1995,0.686087,0.325984,0.360103,47.51350776213512,52.48649223786488,,372.0061046651246,7.562545999999999,,,,,9.072169610604682,
Haiti,332,HT,HTI,Americas,Latin America and the Caribbean,Caribbean,2000,0.82114,0.396887,0.424253,48.3336580851012,51.666341914898794,578.0,820.6000467614642,8.303151,,,,,9.889498577106451,
Haiti,332,HT,HTI,Americas,Latin America and the Caribbean,Caribbean,2005,0.9582539999999999,0.458636,0.49961799999999995,47.86163167594396,52.13836832405604,986.154,775.8457040569159,9.061273,,,,,10.575269059877126,
Haiti,332,HT,HTI,Americas,Latin America and the Caribbean,Caribbean,2010,1.1570109999999998,0.578661,0.5783499999999999,50.01343980307881,49.98656019692121,1473.8047208907408,1209.727335030943,9.803294,,,,,11.802267686759164,
Haiti,332,HT,HTI,Americas,Latin America and the Caribbean,Caribbean,2015,1.46797,0.694805,0.773165,47.33100812686908,52.66899187313092,2195.5602271369858,1411.1268474679646,10.523242,,,9.0,,13.949788477733382,
Haiti,332,HT,HTI,Americas,Latin America and the Caribbean,Caribbean,2020,1.7646989999999998,0.797183,0.9675159999999999,45.17387951146343,54.82612048853658,3257.2778395432624,1290.3253866738314,11.243848,,,4.3,,15.694795945302708,
Haiti,332,HT,HTI,Americas,Latin America and the Caribbean,Caribbean,2024,2.017692,0.9330539999999999,1.084638,46.2436288591123,53.756371140887715,,2142.623305267883,11.772556999999999,,,,14.0,17.138944411141946,39241.376241113845
Honduras,340,HN,HND,Americas,Latin America and the Caribbean,Central America,1990,0.15781299999999998,0.08212699999999999,0.075686,52.04070640568268,47.95929359431733,,988.4592737812882,4.980487999999999,55.9,,,,3.168625243148864,
Honduras,340,HN,HND,Americas,Latin America and the Caribbean,Central America,1995,0.235452,0.12953399999999998,0.105918,55.015034911574325,44.98496508842567,,931.6695472577384,5.739637,55.5,,,,4.102210645028596,
Honduras,340,HN,HND,Americas,Latin America and the Caribbean,Central America,2000,0.31605099999999997,0.160376,0.15567499999999998,50.74370908492617,49.25629091507383,474.49824,1092.564007462518,6.577773,,,,,4.804832881888749,
Honduras,340,HN,HND,Americas,Latin America and the Caribbean,Central America,2005,0.45650099999999993,0.22710899999999998,0.22939199999999998,49.7499457832513,50.25005421674871,1805.194920106384,1304.7003915382616,7.478355,59.5,,,,6.104297001145305,
Honduras,340,HN,HND,Americas,Latin America and the Caribbean,Central America,2010,0.604765,0.295992,0.30877299999999996,48.94330855786958,51.05669144213041,2617.906839390253,1893.3272266203453,8.365878,53.1,,,,7.228948354255225,
Honduras,340,HN,HND,Americas,Latin America and the Caribbean,Central America,2015,0.7515339999999999,0.38102199999999997,0.370512,50.699236494955656,49.30076350504435,3666.201326867455,2271.2026598034863,9.237305,49.2,,6.3,,8.135857807011893,
Honduras,340,HN,HND,Americas,Latin America and the Caribbean,Central America,2020,1.060598,0.555858,0.50474,52.409866886416914,47.59013311358309,5588.64652067925,2307.6149431951144,10.11964,,,5.1,,10.480590218624377,
Honduras,340,HN,HND,Americas,Latin America and the Caribbean,Central America,2024,1.397584,0.713243,0.684341,51.03399867199395,48.96600132800605,,3426.4348332892264,10.825702999999999,45.7,38.24545497,,3.0,12.909868301393454,44357.20872055385
Jamaica,388,JM,JAM,Americas,Latin America and the Caribbean,Caribbean,1990,0.6114219999999999,0.339896,0.271526,55.591064763780174,44.40893523621983,,1929.5989190585683,2.379877,41.1,,,,25.691327745089342,
Jamaica,388,JM,JAM,Americas,Latin America and the Caribbean,Caribbean,1995,0.8119369999999999,0.460978,0.35095899999999997,56.77509461941014,43.224905380589874,,2630.8493538282164,2.500151,,,,,32.47551847868388,
Jamaica,388,JM,JAM,Americas,Latin America and the Caribbean,Caribbean,2000,0.833377,0.476836,0.356541,57.21732181233703,42.78267818766297,877.7,3453.0925280022648,2.6078259999999998,,,,,31.95677165577765,
Jamaica,388,JM,JAM,Americas,Latin America and the Caribbean,Caribbean,2005,0.895828,0.499602,0.39622599999999997,55.76985760659412,44.23014239340588,1761.6287670155868,4184.4397486749685,2.6870659999999997,,,,,33.338518666828435,
Jamaica,388,JM,JAM,Americas,Latin America and the Caribbean,Caribbean,2010,1.005109,0.56604,0.439069,56.31628012484218,43.68371987515782,2026.4458249759296,4809.977380311997,2.7485679999999997,,,,,36.56846037645786,
Jamaica,388,JM,JAM,Americas,Latin America and the Caribbean,Caribbean,2015,1.084528,0.6116809999999999,0.47284699999999996,56.40066462092265,43.599335379077345,2361.233874368198,5062.895550242595,2.802534,,,0.0,,38.69812105758574,
Jamaica,388,JM,JAM,Americas,Latin America and the Caribbean,Caribbean,2020,1.175941,0.657994,0.5179469999999999,55.95467799830094,44.04532200169906,3066.8735001506,4879.440257733735,2.830739,,,3.1,,41.541837661472854,
Jamaica,388,JM,JAM,Americas,Latin America and the Caribbean,Caribbean,2024,1.2485119999999998,0.698318,0.550194,55.93202147836786,44.06797852163215,,7019.74634780454,2.839175,,52.12727188,,104.0,43.97446441307773,26099.265611864073
Martinique,474,MQ,MTQ,Americas,Latin America and the Caribbean,Caribbean,1990,0.010837,0.00533,0.005507,49.18335332656639,50.81664667343361,,,,,,,,,
Martinique,474,MQ,MTQ,Americas,Latin America and the Caribbean,Caribbean,1995,0.012302,0.006363,0.005939,51.72329702487401,48.27670297512599,,,,,,,,,
Martinique,474,MQ,MTQ,Americas,Latin America and the Caribbean,Caribbean,2000,0.013800999999999999,0.007408,0.006392999999999999,53.67726976306065,46.32273023693935,,,,,,,,,
Martinique,474,MQ,MTQ,Americas,Latin America and the Caribbean,Caribbean,2005,0.013940999999999999,0.007522999999999999,0.006418,53.96313033498315,46.03686966501686,,,,,,,,,
Martinique,474,MQ,MTQ,Americas,Latin America and the Caribbean,Caribbean,2010,0.014145,0.00767,0.006475,54.22410745846589,45.77589254153411,,,,,,,,,
Martinique,474,MQ,MTQ,Americas,Latin America and the Caribbean,Caribbean,2015,0.012097,0.006833,0.005264,56.485078945193024,43.51492105480697,,,,,,,,,
Martinique,474,MQ,MTQ,Americas,Latin America and the Caribbean,Caribbean,2020,0.012497999999999999,0.007051,0.005447,56.417026724275885,43.58297327572412,,,,,,,,,
Martinique,474,MQ,MTQ,Americas,Latin America and the Caribbean,Caribbean,2024,0.012892999999999998,0.007234999999999999,0.005658,56.115721709454746,43.88427829054527,,,,,,,,,9148.704352108974
Mexico,484,MX,MEX,Americas,Latin America and the Caribbean,Central America,1990,4.588874,1.973414,2.6154599999999997,43.00431870650622,56.99568129349378,,3154.46920349038,82.82016999999999,,,,,5.540768631602664,
Mexico,484,MX,MEX,Americas,Latin America and the Caribbean,Central America,1995,7.165639,3.231673,3.933966,45.09957869772675,54.90042130227325,,4183.878477274793,90.862455,,,,,7.886248506052363,
Mexico,484,MX,MEX,Americas,Latin America and the Caribbean,Central America,2000,9.367663,4.19616,5.1715029999999995,44.794096457141976,55.20590354285802,7524.74298,7524.027138009098,98.625552,53.4,,,,9.498210970722882,
Mexico,484,MX,MEX,Americas,Latin America and the Caribbean,Central America,2005,11.329536000000001,5.043952,6.285584,44.52037576825741,55.479624231742584,22741.840918,8671.758918851627,105.811504,50.9,,,,10.70728188496404,
Mexico,484,MX,MEX,Americas,Latin America and the Caribbean,Central America,2010,12.108927999999999,5.647673,6.4612549999999995,46.64056966892528,53.35943033107473,22767.716708,9728.800782377815,113.62389499999999,47.7,,,,10.6570259715177,
Mexico,484,MX,MEX,Americas,Latin America and the Caribbean,Central America,2015,12.184225999999999,5.842657,6.341569,47.95263154179839,52.04736845820162,26824.907167,10021.238612403886,121.072306,,,7.8,,10.063594559766624,
Mexico,484,MX,MEX,Americas,Latin America and the Caribbean,Central America,2020,11.452717,5.562761999999999,5.889955,48.571548567907506,51.428451432092494,43977.653965000005,8841.270751132804,126.799054,44.6,,7.2,,9.03217858391909,
Mexico,484,MX,MEX,Americas,Latin America and the Caribbean,Central America,2024,11.596529,5.665312999999999,5.931216,48.85352332581584,51.14647667418415,,14157.944583584858,130.861007,,28.17565299,,112.0,8.86171462825439,25322.255083433607
Montserrat,500,MS,MSR,Americas,Latin America and the Caribbean,Caribbean,1990,0.002006,0.001054,0.0009519999999999999,52.54237288135594,47.45762711864406,,,,,,,,,
Montserrat,500,MS,MSR,Americas,Latin America and the Caribbean,Caribbean,1995,0.0022719999999999997,0.001178,0.001094,51.84859154929578,48.15140845070423,,,,,,,,,
Montserrat,500,MS,MSR,Americas,Latin America and the Caribbean,Caribbean,2000,0.002575,0.001318,0.0012569999999999999,51.18446601941747,48.81553398058252,,,,,,,,,
Montserrat,500,MS,MSR,Americas,Latin America and the Caribbean,Caribbean,2005,0.002791,0.0014169999999999999,0.001374,50.77033321390182,49.22966678609817,,,,,,,,,
Montserrat,500,MS,MSR,Americas,Latin America and the Caribbean,Caribbean,2010,0.002993,0.0015149999999999999,0.001478,50.61810892081523,49.38189107918476,,,,,,,,,
Montserrat,500,MS,MSR,Americas,Latin America and the Caribbean,Caribbean,2015,0.0031339999999999996,0.001584,0.00155,50.542437779195915,49.45756222080409,,,,,,,,,
Montserrat,500,MS,MSR,Americas,Latin America and the Caribbean,Caribbean,2020,0.0032389999999999997,0.001627,0.001612,50.231552948440886,49.76844705155913,,,,,,,,,
Montserrat,500,MS,MSR,Americas,Latin America and the Caribbean,Caribbean,2024,0.0033410000000000002,0.001678,0.001663,50.224483687518706,49.77551631248129,,,,,,,,,38409.017682319245
Nicaragua,558,NI,NIC,Americas,Latin America and the Caribbean,Central America,1990,0.44575699999999996,0.22891699999999998,0.21683999999999998,51.35466184490654,48.64533815509347,,242.50839060082217,4.162559,,,,,10.708725089542273,
Nicaragua,558,NI,NIC,Americas,Latin America and the Caribbean,Central America,1995,0.48714799999999997,0.258493,0.228655,53.06251898806933,46.93748101193067,,891.7793523099956,4.642931,,,,,10.492251554029124,
Nicaragua,558,NI,NIC,Americas,Latin America and the Caribbean,Central America,2000,0.4940669999999999,0.253997,0.24006999999999998,51.409424227888124,48.59057577211188,320.0,1017.312443488204,5.022633,,,,,9.836812683705935,
Nicaragua,558,NI,NIC,Americas,Latin America and the Caribbean,Central America,2005,0.5453239999999999,0.285012,0.260312,52.26470868694575,47.73529131305426,615.7,1183.3021401017506,5.342105,48.8,,,,10.208035970839209,
Nicaragua,558,NI,NIC,Americas,Latin America and the Caribbean,Central America,2010,0.6090929999999999,0.322439,0.28665399999999996,52.93756454268889,47.06243545731112,824.8,1526.567069514084,5.73745,,,,,10.616092514967448,
Nicaragua,558,NI,NIC,Americas,Latin America and the Caribbean,Central America,2015,0.6338919999999999,0.350807,0.283085,55.341761688110914,44.65823831188909,1197.5,2074.4562063473063,6.149417,,,4.1,,10.308164172310967,
Nicaragua,558,NI,NIC,Americas,Latin America and the Caribbean,Central America,2020,0.749552,0.398261,0.35129099999999996,53.13320490106089,46.86679509893909,1855.0,1938.447047543816,6.5652669999999995,,,5.1,,11.41693094888601,
Nicaragua,558,NI,NIC,Americas,Latin America and the Caribbean,Central America,2024,0.905251,0.482297,0.422954,53.27770971807818,46.72229028192181,,2847.53966339498,6.9161399999999995,,11.00643161,,33.0,13.088962918622238,37883.93315161681
Panama,591,PA,PAN,Americas,Latin America and the Caribbean,Central America,1990,0.144087,0.091157,0.05293,63.265249467335714,36.73475053266429,,2620.1382726627444,2.455583,,,,,5.867730799569797,
Panama,591,PA,PAN,Americas,Latin America and the Caribbean,Central America,1995,0.131983,0.08438999999999999,0.047592999999999996,63.94005288559891,36.0599471144011,,3513.8973785463104,2.724557,57.6,,,,4.844200359911721,
Panama,591,PA,PAN,Americas,Latin America and the Caribbean,Central America,2000,0.166111,0.100212,0.065899,60.32833466778238,39.67166533221761,16.4,3975.093086595032,3.010369,56.6,,,,5.517961419347595,
Panama,591,PA,PAN,Americas,Latin America and the Caribbean,Central America,2005,0.16784,0.099049,0.06879099999999999,59.013941849380366,40.986058150619634,129.6,5017.741092282403,3.313026,53.8,,,,5.066063471883408,
Panama,591,PA,PAN,Americas,Latin America and the Caribbean,Central America,2010,0.173244,0.101298,0.071946,58.471289048971386,41.5287109510286,410.0,8331.464213518679,3.628535,51.6,,,,4.77448887774267,
Panama,591,PA,PAN,Americas,Latin America and the Caribbean,Central America,2015,0.17774299999999998,0.100765,0.07697799999999999,56.69140275566408,43.30859724433592,554.2,14082.654850272787,3.960035,50.8,,2.7,,4.488419925581465,
Panama,591,PA,PAN,Americas,Latin America and the Caribbean,Central America,2020,0.17979399999999998,0.10123399999999999,0.07855999999999999,56.30554968463909,43.69445031536091,386.53818281,13290.560834759406,4.293261,,,3.0,,4.187819002851212,
Panama,591,PA,PAN,Americas,Latin America and the Caribbean,Central America,2024,0.194816,0.10659199999999999,0.088224,54.71419185282523,45.28580814717477,,19102.852193639927,4.5155769999999995,49.7,12.63999658,,118.0,4.314310219934241,24118.968895313556
Paraguay,600,PY,PRY,Americas,Latin America and the Caribbean,South America,1990,0.321268,0.186467,0.134801,58.04095023469502,41.95904976530498,,1440.1582961002937,4.035747,40.8,,,,7.9605584790126835,
Paraguay,600,PY,PRY,Americas,Latin America and the Caribbean,South America,1995,0.34185899999999997,0.19927999999999998,0.14257899999999998,58.29303894295601,41.70696105704398,,1978.7151409957487,4.579806,58.1,,,,7.464486486982199,
Paraguay,600,PY,PRY,Americas,Latin America and the Caribbean,South America,2000,0.36463599999999996,0.209332,0.155304,57.40848407727158,42.591515922728426,151.7,1736.1172921076502,5.100868,,,,,7.148508842024532,
Paraguay,600,PY,PRY,Americas,Latin America and the Caribbean,South America,2005,0.476193,0.270181,0.206012,56.73770929014077,43.26229070985924,161.3,1970.87169852378,5.448097,51.4,,,,8.740538209947436,
Paraguay,600,PY,PRY,Americas,Latin America and the Caribbean,South America,2010,0.681322,0.388173,0.293149,56.97350151617003,43.02649848382997,409.885,4750.962736693221,5.737971,51.0,,,,11.87391849836815,
Paraguay,600,PY,PRY,Americas,Latin America and the Caribbean,South America,2015,0.674976,0.380171,0.294805,56.3236322476651,43.67636775233489,553.6404,5879.337923086712,6.159103,47.6,,7.1,,10.958998412593521,
Paraguay,600,PY,PRY,Americas,Latin America and the Caribbean,South America,2020,0.70839,0.40351,0.30488,56.96156072220104,43.03843927779895,583.714988899737,5365.472207211913,6.603739,43.5,,4.8,,10.727104750808595,
Paraguay,600,PY,PRY,Americas,Latin America and the Caribbean,South America,2024,0.746362,0.42488899999999996,0.321473,56.928005445078924,43.07199455492107,,6416.097090029169,6.9291529999999995,44.2,7.831380386,,91.0,10.7713309260165,21565.20059831658
Peru,604,PE,PER,Americas,Latin America and the Caribbean,South America,1990,0.302008,0.15778,0.144228,52.2436491748563,47.7563508251437,,1199.6666675661506,22.014771,,,,,1.3718425687916536,
Peru,604,PE,PER,Americas,Latin America and the Caribbean,South America,1995,0.478308,0.2554,0.222908,53.39655619391689,46.603443806083106,,2189.5343151531138,24.348919,,,,,1.9643911091083759,
Peru,604,PE,PER,Americas,Latin America and the Caribbean,South America,2000,0.6342779999999999,0.33987799999999996,0.2944,53.585021079085195,46.41497892091481,717.66384,1945.4133845169831,26.598330999999998,49.1,,,,2.384653382950983,
Peru,604,PE,PER,Americas,Latin America and the Caribbean,South America,2005,0.9146219999999999,0.47972499999999996,0.434897,52.450629877698105,47.549370122301895,1440.0675360735731,2706.669472976084,28.10118,50.4,,,,3.254745886115814,
Peru,604,PE,PER,Americas,Latin America and the Caribbean,South America,2010,1.231719,0.669684,0.562035,54.36986845213884,45.63013154786116,2533.910907295773,5072.114940196154,29.086019,45.5,,,,4.234745910053899,
Peru,604,PE,PER,Americas,Latin America and the Caribbean,South America,2015,1.3146879999999999,0.701776,0.612912,53.37966118196865,46.62033881803136,2725.0626538486213,6231.711503388939,30.4576,43.4,,6.1,,4.316453036352175,
Peru,604,PE,PER,Americas,Latin America and the Caribbean,South America,2020,1.460493,0.7775519999999999,0.682941,53.23900901955708,46.760990980442905,2904.0458639076373,6133.325524101831,32.838578999999996,43.7,,6.4,,4.447491470322149,
Peru,604,PE,PER,Americas,Latin America and the Caribbean,South America,2024,1.672482,0.891056,0.781426,53.27746427166331,46.72253572833668,,8452.371670475985,34.217848,40.1,5.71389864,,90.0,4.887747470267564,25611.78581263558
Puerto Rico,630,PR,PRI,Americas,Latin America and the Caribbean,Caribbean,1990,0.922587,0.492915,0.429672,53.42748163587824,46.572518364121755,,8652.50749222505,3.537,,,,,26.083884648006787,
Puerto Rico,630,PR,PRI,Americas,Latin America and the Caribbean,Caribbean,1995,1.043769,0.554627,0.48914199999999997,53.13694888428378,46.86305111571622,,11579.184996998454,3.683103,,,,,28.339392083251543,
Puerto Rico,630,PR,PRI,Americas,Latin America and the Caribbean,Caribbean,2000,1.181295,0.624248,0.557047,52.84437841521381,47.15562158478618,,16192.12697196377,3.810605,,,,,31.000195507012666,
Puerto Rico,630,PR,PRI,Americas,Latin America and the Caribbean,Caribbean,2005,1.357565,0.7276539999999999,0.629911,53.59993812450969,46.40006187549031,,21959.322696986048,3.8213619999999997,,,,,35.52568429790216,
Puerto Rico,630,PR,PRI,Americas,Latin America and the Caribbean,Caribbean,2010,1.554887,0.8116979999999999,0.743189,52.203021827309634,47.796978172690366,,26414.88106345475,3.724465,,,,,41.74792889717047,
Puerto Rico,630,PR,PRI,Americas,Latin America and the Caribbean,Caribbean,2015,1.708615,0.882374,0.826241,51.642646236864366,48.35735376313564,,29242.04146508496,3.535167,,,,,48.33194584583981,
Puerto Rico,630,PR,PRI,Americas,Latin America and the Caribbean,Caribbean,2020,1.8868719999999999,0.973,0.9138719999999999,51.566825942618266,48.43317405738174,,31427.11307628314,3.28159,,,,,57.49871251436042,
Puerto Rico,630,PR,PRI,Americas,Latin America and the Caribbean,Caribbean,2024,1.948223,1.000076,0.948147,51.33272731099058,48.667272689009415,,39285.017458585615,3.203295,,,,46.0,60.819343831898095,44396.70091874999
Saint Kitts and Nevis,659,KN,KNA,Americas,Latin America and the Caribbean,Caribbean,1990,0.009854,0.0053,0.004554,53.78526486705907,46.21473513294094,,5373.448240484251,0.040431999999999996,,,,,24.371784724970322,
Saint Kitts and Nevis,659,KN,KNA,Americas,Latin America and the Caribbean,Caribbean,1995,0.010825,0.005814,0.005011,53.70900692840647,46.29099307159353,,7406.444860964541,0.042325999999999996,,,,,25.575296508056518,
Saint Kitts and Nevis,659,KN,KNA,Americas,Latin America and the Caribbean,Caribbean,2000,0.011826,0.006344,0.005482,53.644512092000674,46.355487907999326,12.403360959991035,9319.655450935246,0.045248,,,,,26.135961810466764,
Saint Kitts and Nevis,659,KN,KNA,Americas,Latin America and the Caribbean,Caribbean,2005,0.012010999999999999,0.0063549999999999995,0.005656,52.90983265340105,47.090167346598946,14.143080732414962,11783.786715414511,0.046437,,,,,25.865150634192563,
Saint Kitts and Nevis,659,KN,KNA,Americas,Latin America and the Caribbean,Caribbean,2010,0.011543,0.006176999999999999,0.005366,53.51295157238153,46.48704842761847,17.672325492066516,16622.94579085767,0.046846,,,,,24.64031080561841,
Saint Kitts and Nevis,659,KN,KNA,Americas,Latin America and the Caribbean,Caribbean,2015,0.012178999999999999,0.006507,0.005672,53.428031858116434,46.57196814188357,24.40327589885185,20328.80035301085,0.047087,,,0.0,,25.864888398071656,
Saint Kitts and Nevis,659,KN,KNA,Americas,Latin America and the Caribbean,Caribbean,2020,0.013153999999999999,0.006894,0.00626,52.40991333434697,47.59008666565304,31.56360877722604,18859.0190361046,0.046869999999999995,,,0.1,,28.064860251760187,
Saint Kitts and Nevis,659,KN,KNA,Americas,Latin America and the Caribbean,Caribbean,2024,0.013871999999999999,0.00715,0.006722,51.542675893886965,48.457324106113035,,22771.41689220335,0.046842999999999996,,,,47.0,29.613816365305386,28838.368473987925
Saint Lucia,662,LC,LCA,Americas,Latin America and the Caribbean,Caribbean,1990,0.014018,0.0077469999999999995,0.006271,55.264659723213015,44.73534027678699,,4204.571618631115,0.137857,,,,,10.168507946640357,
Saint Lucia,662,LC,LCA,Americas,Latin America and the Caribbean,Caribbean,1995,0.015676,0.008732,0.006944,55.70298545547334,44.29701454452666,,5147.920240222949,0.148208,42.6,,,,10.577026881140018,
Saint Lucia,662,LC,LCA,Americas,Latin America and the Caribbean,Caribbean,2000,0.017418999999999997,0.009734999999999999,0.007684,55.88724955508353,44.11275044491648,25.01928650438209,5879.56191426207,0.15861599999999998,,,,,10.98186815958037,
Saint Lucia,662,LC,LCA,Americas,Latin America and the Caribbean,Caribbean,2005,0.01711,0.009687,0.007423,56.616014026884855,43.38398597311514,29.123282389509825,6863.4364191934455,0.16544999999999999,,,,,10.341492898156543,
Saint Lucia,662,LC,LCA,Americas,Latin America and the Caribbean,Caribbean,2010,0.017984999999999998,0.010284999999999999,0.007699999999999999,57.18654434250765,42.813455657492355,31.300672400964597,8673.687203405294,0.170906,,,,,10.523328613389815,
Saint Lucia,662,LC,LCA,Americas,Latin America and the Caribbean,Caribbean,2015,0.01962,0.011217,0.008402999999999999,57.17125382262998,42.82874617737003,40.50066734860071,10334.986082391815,0.174905,43.7,,0.0,,11.217518081244103,
Saint Lucia,662,LC,LCA,Americas,Latin America and the Caribbean,Caribbean,2020,0.020127,0.011549,0.008577999999999999,57.38063298057337,42.61936701942663,56.38518519161416,8411.07474936367,0.17825,,,0.1,,11.291444600280505,
Saint Lucia,662,LC,LCA,Americas,Latin America and the Caribbean,Caribbean,2024,0.021705999999999996,0.012367999999999999,0.009337999999999999,56.97963696673731,43.0203630332627,,14181.630335159798,0.179744,,,,43.0,12.076063735089905,41016.8075331289
Saint Vincent and the Grenadines,670,VC,VCT,Americas,Latin America and the Caribbean,Caribbean,1990,0.023343999999999997,0.012934,0.010409999999999999,55.4061000685401,44.59389993145991,,2149.7394435898354,0.111812,,,,,20.87790219296676,
Saint Vincent and the Grenadines,670,VC,VCT,Americas,Latin America and the Caribbean,Caribbean,1995,0.024675,0.013678,0.010997,55.43262411347517,44.56737588652482,,2795.363056139547,0.113047,,,,,21.8272046140101,
Saint Vincent and the Grenadines,670,VC,VCT,Americas,Latin America and the Caribbean,Caribbean,2000,0.025484,0.014199,0.011285,55.717312823732534,44.28268717626746,34.14925187121937,3768.955366040222,0.113545,,,,,22.443964947818046,
Saint Vincent and the Grenadines,670,VC,VCT,Americas,Latin America and the Caribbean,Caribbean,2005,0.026574,0.015018,0.011556,56.51388575299164,43.48611424700836,39.325686599444026,5157.393738781021,0.11245,,,,,23.631836371720766,
Saint Vincent and the Grenadines,670,VC,VCT,Americas,Latin America and the Caribbean,Caribbean,2010,0.02684,0.01556,0.01128,57.97317436661699,42.02682563338301,42.032715130449176,6551.968359924052,0.109959,,,,,24.409097936503603,
Saint Vincent and the Grenadines,670,VC,VCT,Americas,Latin America and the Caribbean,Caribbean,2015,0.029221999999999998,0.016874999999999998,0.012346999999999999,57.747587434124966,42.25241256587503,41.78992486791962,7353.735560541842,0.10696,,,0.0,,27.320493642483168,
Saint Vincent and the Grenadines,670,VC,VCT,Americas,Latin America and the Caribbean,Caribbean,2020,0.030567999999999998,0.017067,0.013500999999999999,55.83289714734363,44.16710285265637,63.00620252696246,8351.203240409815,0.10352599999999999,,,0.1,,29.52688213588857,
Saint Vincent and the Grenadines,670,VC,VCT,Americas,Latin America and the Caribbean,Caribbean,2024,0.035264,0.019617,0.015646999999999998,55.628970054446455,44.37102994555354,,11501.226518718766,0.100616,,,,73.0,35.04810368132304,37326.29850530775
Sint Maarten (Dutch part),534,SX,SXM,Americas,Latin America and the Caribbean,Caribbean,1990,0.001108,0.0005949999999999999,0.000513,53.70036101083032,46.29963898916967,,,0.028061,,,,,3.9485406792345255,
Sint Maarten (Dutch part),534,SX,SXM,Americas,Latin America and the Caribbean,Caribbean,1995,0.00132,0.0007019999999999999,0.000618,53.18181818181817,46.81818181818181,,,0.031772,,,,,4.154601535943598,
Sint Maarten (Dutch part),534,SX,SXM,Americas,Latin America and the Caribbean,Caribbean,2000,0.001594,0.00083,0.0007639999999999999,52.0702634880803,47.9297365119197,0.0,,0.030773,,,,,5.179865466480356,
Sint Maarten (Dutch part),534,SX,SXM,Americas,Latin America and the Caribbean,Caribbean,2005,0.001655,0.000857,0.000798,51.78247734138973,48.21752265861027,0.0,,0.032056999999999995,,,,,5.162678978070313,
Sint Maarten (Dutch part),534,SX,SXM,Americas,Latin America and the Caribbean,Caribbean,2010,0.0016979999999999999,0.000873,0.000825,51.41342756183745,48.58657243816255,0.0,26403.81436921632,0.033794,,,,,5.02456057288276,
Sint Maarten (Dutch part),534,SX,SXM,Americas,Latin America and the Caribbean,Caribbean,2015,0.0017929999999999999,0.000919,0.000874,51.25488008923592,48.74511991076408,55.11731843575419,37839.62838151634,0.037471,,,,,4.785033759440634,
Sint Maarten (Dutch part),534,SX,SXM,Americas,Latin America and the Caribbean,Caribbean,2020,0.0019450000000000001,0.000992,0.000953,51.0025706940874,48.99742930591259,38.68624481564246,30150.89983804768,0.041007999999999996,,,,,4.742976980101445,
Sint Maarten (Dutch part),534,SX,SXM,Americas,Latin America and the Caribbean,Caribbean,2024,0.002464,0.0012569999999999999,0.001207,51.01461038961038,48.9853896103896,,40027.91759921131,0.04335,,,,,5.683967704728951,1337.7812792568538
Suriname,740,SR,SUR,Americas,Latin America and the Caribbean,South America,1990,0.20105299999999998,0.105873,0.09518,52.659249053732104,47.3407509462679,,941.5917361021884,0.412493,,,,,48.740948331244404,
Suriname,740,SR,SUR,Americas,Latin America and the Caribbean,South America,1995,0.214997,0.11354399999999999,0.101453,52.811899700926055,47.188100299073945,,1609.8250437320628,0.429606,,,,,50.04515765608488,
Suriname,740,SR,SUR,Americas,Latin America and the Caribbean,South America,2000,0.22438199999999997,0.11920499999999999,0.10517699999999999,53.12591919137899,46.87408080862102,0.0,1988.2217292543253,0.476643,,,,,47.07548416739572,
Suriname,740,SR,SUR,Americas,Latin America and the Caribbean,South America,2005,0.24048399999999998,0.129567,0.110917,53.87759684635984,46.122403153640164,3.9,3453.428659377645,0.519313,,,,,46.30810320558121,
Suriname,740,SR,SUR,Americas,Latin America and the Caribbean,South America,2010,0.243661,0.133015,0.110646,54.59018882792076,45.40981117207924,4.3,7943.604828169148,0.5499229999999999,,,,,44.30820314844078,
Suriname,740,SR,SUR,Americas,Latin America and the Caribbean,South America,2015,0.238769,0.130863,0.107906,54.80736611536674,45.19263388463327,6.70555950380625,8813.61705392067,0.581627,,,4.2,,41.051911276471,
Suriname,740,SR,SUR,Americas,Latin America and the Caribbean,South America,2020,0.25012199999999996,0.1387,0.111422,55.4529389657847,44.547061034215304,124.0286490784125,4755.392217106932,0.612317,,,8.6,,40.84844941427397,
Suriname,740,SR,SUR,Americas,Latin America and the Caribbean,South America,2024,0.258026,0.14465,0.11337599999999999,56.060241991117174,43.939758008882826,,7430.702191764433,0.634431,,,,151.0,40.670459041251135,25506.081521715605
Trinidad and Tobago,780,TT,TTO,Americas,Latin America and the Caribbean,Caribbean,1990,0.18163,0.099561,0.082069,54.815283818752405,45.184716181247595,,4047.250935946744,1.252208,,,,,14.504778758800457,
Trinidad and Tobago,780,TT,TTO,Americas,Latin America and the Caribbean,Caribbean,1995,0.18853599999999998,0.100635,0.08790099999999999,53.37707387448552,46.62292612551449,,4114.689084754638,1.295169,,,,,14.556864779808656,
Trinidad and Tobago,780,TT,TTO,Americas,Latin America and the Caribbean,Caribbean,2000,0.281792,0.15894999999999998,0.12284199999999999,56.40685328185327,43.59314671814672,38.1000020159381,6178.589755596872,1.319774,,,,,21.351534429379573,
Trinidad and Tobago,780,TT,TTO,Americas,Latin America and the Caribbean,Caribbean,2005,0.29191199999999995,0.163904,0.12800799999999998,56.14842829345831,43.8515717065417,92.4,12346.437309407496,1.294494,,,,,22.55027833269215,
Trinidad and Tobago,780,TT,TTO,Americas,Latin America and the Caribbean,Caribbean,2010,0.314851,0.175533,0.139318,55.751133075645306,44.248866924354694,90.9,16815.424737361,1.3177139999999998,,,,,23.89372807756463,
Trinidad and Tobago,780,TT,TTO,Americas,Latin America and the Caribbean,Caribbean,2015,0.32345,0.180591,0.14285899999999999,55.832740763641986,44.16725923635801,155.2027977812408,19887.233735933765,1.349667,,,0.0,,23.96517066802404,
Trinidad and Tobago,780,TT,TTO,Americas,Latin America and the Caribbean,Caribbean,2020,0.310552,0.175111,0.135441,56.38701409103789,43.61298590896211,194.4376359168043,15358.861297306576,1.366725,,,0.3,,22.722347216887083,
Trinidad and Tobago,780,TT,TTO,Americas,Latin America and the Caribbean,Caribbean,2024,0.32363,0.18390099999999998,0.139729,56.824460031517475,43.17553996848253,,19314.716343266376,1.368333,,29.36428294,,139.0,23.65140649242545,51079.52543953006
Turks and Caicos Islands,796,TC,TCA,Americas,Latin America and the Caribbean,Caribbean,1990,0.0022459999999999997,0.0012749999999999999,0.000971,56.767586821015136,43.232413178984864,,,0.011687999999999999,,,,,19.216290212183434,
Turks and Caicos Islands,796,TC,TCA,Americas,Latin America and the Caribbean,Caribbean,1995,0.001431,0.000802,0.000629,56.044723969252274,43.95527603074773,,,0.015052,,,,,9.507042253521126,
Turks and Caicos Islands,796,TC,TCA,Americas,Latin America and the Caribbean,Caribbean,2000,0.000595,0.000319,0.000276,53.61344537815126,46.38655462184874,0.0,,0.01873,,,,,3.1767218366257346,
Turks and Caicos Islands,796,TC,TCA,Americas,Latin America and the Caribbean,Caribbean,2005,0.001039,0.000596,0.000443,57.36284889316651,42.63715110683349,0.0,24122.302818075703,0.023988,,,,,4.3313323328330835,
Turks and Caicos Islands,796,TC,TCA,Americas,Latin America and the Caribbean,Caribbean,2010,0.002009,0.001171,0.000838,58.28770532603286,41.71229467396715,0.0,23093.849826826725,0.029738999999999998,,,,,6.755438985843505,
Turks and Caicos Islands,796,TC,TCA,Americas,Latin America and the Caribbean,Caribbean,2015,0.002251,0.001316,0.000935,58.46290537538871,41.537094624611285,6.053,25736.101625461004,0.036605,,,,,6.149433137549516,
Turks and Caicos Islands,796,TC,TCA,Americas,Latin America and the Caribbean,Caribbean,2020,0.00247,0.001442,0.001028,58.38056680161942,41.61943319838057,0.0,20690.91605461181,0.044385999999999995,,,,,5.564817735321949,
Turks and Caicos Islands,796,TC,TCA,Americas,Latin America and the Caribbean,Caribbean,2024,0.0026629999999999996,0.0015539999999999998,0.001109,58.355238452872705,41.64476154712731,,37506.779843128825,0.046535,,,,,5.722574406360803,19839.04574213749
United States Virgin Islands,850,VI,VIR,Americas,Latin America and the Caribbean,Caribbean,1990,0.002348,0.001189,0.0011589999999999999,50.638841567291315,49.361158432708685,,,0.103963,,,,,2.258495811009686,
United States Virgin Islands,850,VI,VIR,Americas,Latin America and the Caribbean,Caribbean,1995,0.003012,0.00138,0.001632,45.81673306772908,54.18326693227091,,,0.107818,,,,,2.7935966165204325,
United States Virgin Islands,850,VI,VIR,Americas,Latin America and the Caribbean,Caribbean,2000,0.0037279999999999995,0.0015949999999999998,0.002133,42.7843347639485,57.21566523605151,,,0.10864199999999999,,,,,3.4314537655786896,
United States Virgin Islands,850,VI,VIR,Americas,Latin America and the Caribbean,Caribbean,2005,0.0034739999999999997,0.001488,0.001986,42.832469775474955,57.167530224525045,,40828.74609277752,0.108453,,,,,3.20323089264474,
United States Virgin Islands,850,VI,VIR,Americas,Latin America and the Caribbean,Caribbean,2010,0.003555,0.0015559999999999999,0.001999,43.76933895921237,56.23066104078762,,39905.12841809943,0.108357,,,,,3.2808217281763064,
United States Virgin Islands,850,VI,VIR,Americas,Latin America and the Caribbean,Caribbean,2015,0.0037949999999999998,0.0016749999999999998,0.00212,44.13702239789196,55.862977602108046,,34007.35294117647,0.10771199999999999,,,,,3.5232843137254903,
United States Virgin Islands,850,VI,VIR,Americas,Latin America and the Caribbean,Caribbean,2020,0.0038399999999999997,0.001702,0.0021379999999999997,44.322916666666664,55.677083333333336,,39787.37416502023,0.10629,,,,,3.6127575500987863,
United States Virgin Islands,850,VI,VIR,Americas,Latin America and the Caribbean,Caribbean,2024,0.004047,0.001784,0.002263,44.08203607610576,55.917963923894234,,,0.104377,,,,,3.877290974065168,9002.382599282
Uruguay,858,UY,URY,Americas,Latin America and the Caribbean,South America,1990,0.178551,0.088335,0.09021599999999999,49.47325974091436,50.526740259085635,,2995.3610566346547,3.104403,,,,,5.751540634382843,
Uruguay,858,UY,URY,Americas,Latin America and the Caribbean,South America,1995,0.18602999999999997,0.09439499999999999,0.091635,50.74181583615546,49.25818416384454,,6050.486322536444,3.18944,40.9,,,,5.8326853616935885,
Uruguay,858,UY,URY,Americas,Latin America and the Caribbean,South America,2000,0.202378,0.103113,0.09926499999999999,50.950696221921355,49.04930377807864,0.0,6987.7009876625725,3.266206,43.4,,,,6.196118677144063,
Uruguay,858,UY,URY,Americas,Latin America and the Caribbean,South America,2005,0.256391,0.12945399999999999,0.126937,50.49085186297491,49.50914813702509,76.74038999999999,5284.25677987129,3.285771,44.7,,,,7.803069660058476,
Uruguay,858,UY,URY,Americas,Latin America and the Caribbean,South America,2010,0.272665,0.137966,0.13469899999999999,50.59908679148406,49.40091320851594,124.891,12641.057684900788,3.31858,44.5,,,,8.216315412013572,
Uruguay,858,UY,URY,Americas,Latin America and the Caribbean,South America,2015,0.256293,0.130384,0.125909,50.8730242339822,49.1269757660178,90.2670582344633,17125.901680029787,3.368017,40.1,,5.9,,7.60961123414757,
Uruguay,858,UY,URY,Americas,Latin America and the Caribbean,South America,2020,0.259028,0.133407,0.12562099999999998,51.502926324567234,48.497073675432766,111.1173913165429,15757.53559957787,3.398968,40.2,,3.9,,7.620783720235083,
Uruguay,858,UY,URY,Americas,Latin America and the Caribbean,South America,2024,0.263285,0.13630699999999998,0.126978,51.77165429097745,48.22834570902255,,23906.51330294079,3.3865879999999997,40.0,8.901835953,,133.0,7.774343970982003,18967.663773978955
Venezuela,862,VE,VEN,Americas,Latin America and the Caribbean,South America,1990,0.216183,0.112495,0.10368799999999999,52.03693167362836,47.96306832637164,,2451.5523114567022,19.827009999999998,,,,,1.0903459472709198,
Venezuela,862,VE,VEN,Americas,Latin America and the Caribbean,South America,1995,0.24878899999999998,0.125699,0.12308999999999999,50.52433990248766,49.475660097512346,,3486.983506359194,22.193821,47.2,,,,1.1209831781557578,
Venezuela,862,VE,VEN,Americas,Latin America and the Caribbean,South America,2000,0.338356,0.184276,0.15408,54.462164111172854,45.537835888827146,17.0,4776.281676393797,24.526708,,,,,1.3795410293138402,
Venezuela,862,VE,VEN,Americas,Latin America and the Caribbean,South America,2005,0.451384,0.239566,0.21181799999999998,53.073657905464074,46.92634209453591,148.0,5432.485418465401,26.785804,49.3,,,,1.6851612891664556,
Venezuela,862,VE,VEN,Americas,Latin America and the Caribbean,South America,2010,0.5509299999999999,0.295797,0.255133,53.69048699471802,46.309513005281985,143.0,13646.304662266411,28.813101,,,,,1.9120815909401765,
Venezuela,862,VE,VEN,Americas,Latin America and the Caribbean,South America,2015,0.760196,0.402601,0.357595,52.960157643555085,47.039842356444915,161.0,,30.573971999999998,,,6.3,,2.4864155694261774,
Venezuela,862,VE,VEN,Americas,Latin America and the Caribbean,South America,2020,5.477198,2.8012349999999997,2.675963,51.14357742772856,48.85642257227145,0.0,,28.444077,,,5.6,,19.25602296745294,
Venezuela,862,VE,VEN,Americas,Latin America and the Caribbean,South America,2024,8.328513999999998,4.290608,4.0379059999999996,51.51708936312048,48.482910636879524,,,28.405542999999998,,19.30505593,,,29.32003095311362,24776.39223506888
